﻿<?xml version="1.0" encoding="UTF-8" standalone="yes"?>
<addon id="plugin.video.exodusplus" version="1.6.0" name="Exodus+" provider-name="">
	<requires>
		<import addon="xbmc.python" version="2.19.0" />
		<import addon="script.exodus.artwork" version="1.0.4" />
		<import addon="script.exodusplus.metadata" version="1.0.0" />
		<import addon="script.module.urlresolver" version="3.0.0" />
		<import addon="script.module.metahandler" version="1.0.0" />
	</requires>
	<extension point="xbmc.python.pluginsource" library="exodus.py">
		<provides>video</provides>
	</extension>
	<extension point="xbmc.addon.metadata">
		<summary lang="en">Exodus+</summary>
		<description lang="en">Exodus kiegészítő magyar kiszolgálókkal kiegészítve.</description>
		<disclaimer lang="en">The author does not host or distribute any of the content displayed by this addon. The author does not have any affiliation with the content provider.</disclaimer>
		<platform>all</platform>
		<news></news>
	</extension>
</addon>