<?xml version="1.0" encoding="UTF-8" standalone="yes"?>
<addon id="plugin.video.mesekincstar" name="Mesekincstár" version="0.0.1" provider-name="vargalex">
	<requires>
		<import addon="xbmc.python" version="2.1.0"/>
		<import addon="script.module.urlresolver" version="3.0.0"/>
	</requires>
	<extension point="xbmc.python.pluginsource" library="main.py">
		<provides>video</provides>
	</extension>
	<extension point="xbmc.addon.metadata">
		<summary lang="en">Mesekincstár</summary>
		<summary lang="hu">Mesekincstár</summary>
		<language>hu</language>
		<description lang="en">A mesekincstár kiegészítővel egyszerűen férhetsz hozzá a mesekincstar.tv oldalon található tartalmakhoz.</description>
		<description lang="hu">A mesekincstár kiegészítővel egyszerűen férhetsz hozzá a mesekincstar.tv oldalon található tartalmakhoz.</description>
		<platform>all</platform>
	</extension>
</addon>

