﻿<?xml version="1.0" encoding="UTF-8" standalone="yes"?>
<addon id="repository.lazarus" version="0.1" name="Lazarus Repository" provider-name="Lazarus">
	<extension point="xbmc.addon.repository" name="Lazarus Repository">
        <info compressed="false">https://raw.githubusercontent.com/LazarusProject/repo/master/addons.xml</info>
        <checksum>https://raw.githubusercontent.com/LazarusProject/repo/master/addons.xml.md5</checksum>
        <datadir zip="true">https://raw.githubusercontent.com/LazarusProject/repo/master</datadir>
	</extension>
	<extension point="xbmc.addon.metadata">
		<summary>Lazarus Repository</summary>
		<description >Lazarus from the space!</description>
		<platform>all</platform>
	</extension>
</addon>
