﻿<addon id="repository.movieshark" version="2.3" name="MovieShark repository" provider-name="MSrepo">
	<extension point="xbmc.addon.repository" name="MovieShark repository 2.3">
		<dir>
			<info compressed="false">http://repo.movieshark.xyz/addons.xml</info>
			<checksum>http://repo.movieshark.xyz/addons.xml.md5</checksum>
			<datadir zip="true">http://repo.movieshark.xyz/plugins/</datadir>
		</dir>
		<info compressed="false">http://repo.movieshark.xyz/addons.xml</info>
		<checksum>http://repo.movieshark.xyz/addons.xml.md5</checksum>
		<datadir zip="true">http://repo.movieshark.xyz/plugins/</datadir>
	</extension>
	<extension point="xbmc.addon.metadata">
		<summary lang="en">MovieShark Repository 2.3</summary>
		<description lang="en">Az MSREPO Magyarország legnagyobb KODI-hoz fejlesztett magyar nyelvű kiegészítőinek tárolóhelye. Itt megtalálod a legismertebb média tartalmait más hasznos kiegészítőkkel egyetemben. A repository semmilyen illegális anyagot nem tartalmaz, az információk nem egyediek – bárki által szabadon hozzáférhetők az interneten. A legtöbb kiegészítőnél maga a jogtulajdonos tette lehetővé a tartalmak ingyenes megtekintését. A telepítésüket senkinek nem ajánljuk, csupán kisérleti jelleggel készültek. A használatukból eredő következményekért a felelősség a felhasználót terheli. </description>
		<platform>all</platform>
	</extension>
</addon>
