﻿<?xml version="1.0" encoding="UTF-8" standalone="yes"?>
<addon id="repository.movieshark" version="2.0" name="MovieShark repository" provider-name="fucksociety">
	<extension point="xbmc.addon.repository" name="MovieShark repository 2.0">
		<dir>
			<info compressed="false">http://repo.movieshark.xyz/addons.xml</info>
			<checksum>http://repo.movieshark.xyz/addons.xml.md5</checksum>
			<datadir zip="true">http://repo.movieshark.xyz/plugins/</datadir>
		</dir>
	</extension>
	<extension point="xbmc.addon.metadata">
		<summary lang="en">MovieShark Repository 2.0</summary>
		<description lang="en">MovieShark Repository 2.0</description>
		<platform>all</platform>
	</extension>
</addon>

