<?xml version="1.0" encoding="UTF-8" standalone="yes"?>
<addon id="plugin.video.indafilm" name="IndaFilm" version="0.0.2" provider-name="just-some-random-ninja">
	<requires>
		<import addon="xbmc.python" version="2.1.0"/>
		<import addon="script.module.requests"/>
	</requires>
	<extension point="xbmc.python.pluginsource" library="default.py">
		<provides>video</provides>
	</extension>
	<extension point="xbmc.addon.metadata">
		<summary lang="en">IndaFilm</summary>
		<language>hu</language>
		<description lang="en">IndaFilm</description>
		<platform>all</platform>
	</extension>
</addon>
