﻿<?xml version="1.0" encoding="UTF-8" standalone="yes"?>
<addon id="plugin.video.mozicsillag" name="Mozicsillag" version="0.0.5" provider-name="Mr. Hankey">
	<requires>
		<import addon="xbmc.python" version="2.1.0"/>
		<import addon="script.module.requests"/>
		<import addon="script.module.msresolver"/>
	</requires>
	<extension point="xbmc.python.pluginsource" library="default.py">
		<provides>video</provides>
	</extension>
	<extension point="xbmc.addon.metadata">
		<summary lang="en">Mozicsillag</summary>
		<language>hu</language>
		<description lang="en">A Mozicsillag kiegészítővel egyszerűen férhetsz hozzá a mozicsillag.cc oldalon található tartalomhoz.</description>
		<platform>all</platform>
	</extension>
</addon>
