<?xml version="1.0" encoding="UTF-8" standalone="yes"?>
<addon id="plugin.video.ehftv" name="ehfTV" version="1.0.2" provider-name="Squidward Tentacles">
	<requires>
		<import addon="xbmc.python" version="2.1.0"/>
	</requires>
	<extension point="xbmc.python.pluginsource" library="default.py">
		<provides>video</provides>
	</extension>
	<extension point="xbmc.addon.metadata">
		<summary lang="en">ehfTV</summary>
		<language>en</language>
		<description lang="en">ehfTV</description>
		<platform>all</platform>
	</extension>
</addon>
