<?xml version="1.0" encoding="UTF-8" standalone="yes"?>
<addon id="script.xxxodus.artwork" version="1.00.007" name="XXXODUS Artwork" provider-name="Xibalba">
	<requires>
		<import addon="xbmc.python" version="2.1.0"/>
	</requires>
	<extension point="xbmc.python.module" library="lib" />
	<extension point="xbmc.addon.metadata">
		<summary>Artwork for XXXODUS</summary>
		<description>Artwork for XXXODUS is maintained separately to make distribution of the the addon itself easier/faster.</description>
		<platform>all</platform>
	</extension>
</addon>
