<?xml version="1.0" encoding="UTF-8" standalone="yes"?>
<addon id="plugin.video.fireplaces" name="Fireplaces" version="1.0.0" provider-name='[B][COLOR darkred]/dev/null[/COLOR][/B]'>
  <requires>
    <import addon="xbmc.python" version="2.1.0"/>
    <import addon="plugin.video.youtube"/>
  </requires>
  <extension point="xbmc.python.pluginsource" library="default.py">
    <provides>video</provides>
  </extension>
  <extension point="xbmc.addon.metadata">
    <summary lang="hu">Fireplaces</summary>
    <description lang="hu">Az addon segítségével csodálatos kályhát varázsolhatsz a Kodiból!</description>
        <summary lang="en_gb">Fireplaces</summary>
    <description lang="en_gb">Az addon segítségével csodálatos kályhát varázsolhatsz a Kodiból!</description>
    <language>hu</language>
    <platform>all</platform>
    <license>GNU GENERAL PUBLIC LICENSE. Version 3, 29 June 2007</license>
    <forum>movieshark.hu</forum>
    <website>movieshark.xyz</website>
    <email>helpdesk@movieshark.hu</email>
    <source></source>
    <news></news>
    <assets>
        <icon>icon.png</icon>
        <fanart>fanart.png</fanart>
    </assets>
  </extension>
</addon>