<?xml version="1.0" encoding="UTF-8" standalone="yes"?>
<addon id="plugin.video.ittotttv" name="IttOtt Tv" version="0.0.1" provider-name="Larry the Lobster">
	<requires>
		<import addon="xbmc.python" version="2.1.0"/>
	</requires>
	<extension point="xbmc.python.pluginsource" library="default.py">
		<provides>video</provides>
	</extension>
	<extension point="xbmc.addon.metadata">
		<summary lang="en">IttOtt Tv</summary>
		<language>en</language>
		<description lang="en">IttOtt Tv</description>
		<platform>all</platform>
	</extension>
</addon>
