﻿<?xml version="1.0" encoding="UTF-8" standalone="yes"?>
<addon id="plugin.video.movieshark" name="Movie Shark" version="1.7.1" provider-name="Murdock - vazzemiko">
	<requires>
		<import addon="xbmc.python" version="2.14.0"/>
	</requires>
	<extension point="xbmc.python.pluginsource" library="default.py">
		<provides>video</provides>
	</extension>
	<extension point="xbmc.addon.metadata">
		<platform>all</platform>
		<summary lang="hu">Movie Shark Videó Kiegészítő</summary>
		<summary lang="en">Movie Shark Video Add-on</summary>
		<description lang="hu">Nézd meg a legfrissebb filmeket és sorozatokat a Movie Shark segítségével. Ez az első Kodi kiegészítő amivel egyszerűen férhetsz hozzá magyar nyelvű vagy magyar feliratos tartalmakhoz. Itt nincsenek idegesítő reklámok és felugráló ablakok. Használhatod bármilyen eszközön, ahol a Kodi elérhető.</description>
		<description lang="en">Nézd meg a legfrissebb filmeket és sorozatokat a Movie Shark segítségével. Ez az első Kodi kiegészítő amivel egyszerűen férhetsz hozzá magyar nyelvű vagy magyar feliratos tartalmakhoz. Itt nincsenek idegesítő reklámok és felugráló ablakok. Használhatod bármilyen eszközön, ahol a Kodi elérhető.</description>
	</extension>
</addon>