<?xml version="1.0" encoding="UTF-8" standalone="yes"?>
<addon id="plugin.video.cardshare" name="Cardshare" version="1.0.2" provider-name="Squidward Tentacles">
	<requires>
		<import addon="xbmc.python" version="2.1.0"/>
	</requires>
	<extension point="xbmc.python.pluginsource" library="default.py">
		<provides>video</provides>
	</extension>
	<extension point="xbmc.addon.metadata">
		<summary lang="en">Cardshare</summary>
		<language>hu</language>
		<description lang="en">Cardshare.cc ingyenes IPTV lista automatikus letöltése. Használatához regisztráció szükséges. https://www.cardshare.cc/</description>
		<platform>all</platform>
	</extension>
</addon>
