<?xml version="1.0" encoding="UTF-8" standalone="yes"?>
<addon id="plugin.video.huncoretv.transmission" name="HUNCoreTV.Transmission" version="1.0.0" provider-name="KIZS">
	<requires>
		<import addon="xbmc.python" version="2.1.0"/>
		<import addon="script.module.requests"/>
	</requires>
	<extension point="xbmc.python.pluginsource" library="default.py">
		<provides>video</provides>
	</extension>
	<extension point="xbmc.addon.metadata">
		<platform>all</platform>
		<summary>nCore</summary>
		<description>Az nCore oldalán található filmek és sorozatok lejátszása külső Transmission kliens használatával.</description>
	</extension>
</addon>
