﻿<?xml version="1.0" encoding="UTF-8" standalone="yes"?>
<addon id="plugin.video.mediaklikk" name="MédiaKlikk" version="1.0.2" provider-name="Salad Fingers">
	<requires>
		<import addon="xbmc.python" version="2.1.0"/>
	</requires>
	<extension point="xbmc.python.pluginsource" library="default.py">
		<provides>video</provides>
	</extension>
	<extension point="xbmc.addon.metadata">
		<summary lang="en">MédiaKlikk</summary>
		<language>hu</language>
		<description lang="en">MédiaKlikk</description>
		<platform>all</platform>
	</extension>
</addon>
