<?xml version="1.0" encoding="UTF-8" standalone="yes"?>
<addon id="plugin.video.TelenorMyTV" name="TelenorMyTV" version="1.0.5" provider-name='[B][COLOR darkred]Hercule Poirot[/COLOR][/B]'>
  <requires>
    <import addon="xbmc.python" version="2.1.0"/>
    <import addon="script.module.buggalo" version="1.1.2"/>
  </requires>
  <extension point="xbmc.python.pluginsource" library="default.py">
    <provides>video</provides>
  </extension>
  <extension point="xbmc.addon.metadata">
    <summary lang="hu">Telenor MyTV</summary>
    <description lang="hu">Nem hivatalos kiegészítő a Telenor MyTV streamek Kodin keresztüli eléréséhez.
    
Az addon használatához MyTV előfizetés szükséges!</description>
    <disclaimer lang="hu">Nem hivatalos kiegészítő!</disclaimer>
        <summary lang="en_gb">Telenor MyTV</summary>
    <description lang="en_gb">Nem hivatalos kiegészítő a Telenor MyTV streamek Kodin keresztüli eléréséhez.
    
Az addon használatához MyTV előfizetés szükséges!</description>
    <disclaimer lang="en_gb">Nem hivatalos kiegészítő!</disclaimer>
    <language>hu</language>
    <platform>all</platform>
    <license>GNU GENERAL PUBLIC LICENSE. Version 3, 29 June 2007</license>
    <forum>movieshark.hu</forum>
    <website>movieshark.xyz</website>
    <email>helpdesk@movieshark.hu</email>
    <source></source>
    <news></news>
    <assets>
        <icon>icon.png</icon>
        <fanart>fanart.png</fanart>
        <screenshot>resources/screenshots/screenshot-01.jpg</screenshot>
        <screenshot>resources/screenshots/screenshot-02.jpg</screenshot>
        <screenshot>resources/screenshots/screenshot-03.jpg</screenshot>
        <screenshot>resources/screenshots/screenshot-04.jpg</screenshot>
    </assets>
  </extension>
</addon>