﻿<?xml version="1.0" encoding="UTF-8" standalone="yes"?>
<addon id="plugin.video.tvshark.hu" version="1.0.0" name="TV Shark" provider-name=" - provider name goes here - ">
	<requires>
		<import addon="xbmc.python" version="2.1.0" />
		<import addon="script.module.urlresolver" version="3.0.0" />
	</requires>
	<extension point="xbmc.python.pluginsource" library="addon.py">
		<provides>video</provides>
	</extension>
	<extension point="xbmc.addon.metadata">
		<summary lang="en">TV Shark</summary>
		<description lang="en">A TV Shark kiegészítő segítségével rengeteg magyar szinkronos sorozat között böngészhetsz. A használatához regisztrálj a http://srnet.eu/ weboldalon.</description>
		<platform>all</platform>
	</extension>
</addon>