<?xml version="1.0" encoding="UTF-8" standalone="yes"?>
<addon id="plugin.video.videa" name="Videa kiemelt csatornak" version="0.0.1" provider-name="kardossandor">
	<requires>
		<import addon="xbmc.python" version="2.1.0"/>
		<import addon="script.module.requests"/>
	</requires>
	<extension point="xbmc.python.pluginsource" library="default.py">
		<provides>video</provides>
	</extension>
	<extension point="xbmc.addon.metadata">
		<summary lang="en">videa</summary>
		<language>hu</language>
		<description lang="en">Videa</description>
		<platform>all</platform>
	</extension>
</addon>
