<?xml version="1.0" encoding="UTF-8" standalone="yes"?>
<addon id="plugin.video.animeaddicts" name="Animeaddicts" version="0.7" provider-name="KIZS">
	<requires>
		<import addon="xbmc.python" version="2.1.0"/>
		<import addon="script.module.requests"/>
	</requires>
	<extension point="xbmc.python.pluginsource" library="default.py">
		<provides>video</provides>
	</extension>
	<extension point="xbmc.addon.metadata">
		<platform>all</platform>
		<summary>animeaddicts.hu</summary>
		<description>Nézz filmeket az animeaddicts.hu oldalról! A működéshez szükséges, hogy regisztrálva legyél az oldalon! Nem hivatalos Animeaddicts plugin, csak a saját lustaságom miatt írtam...</description>
	</extension>
</addon>
