<?xml version="1.0" encoding="UTF-8" standalone="yes"?>
<addon id="script.plex.free"
       name="Plex Free"
       version="0.1.3"
       provider-name="Plex">
    <requires>
        <import addon="xbmc.python" version="2.24.0"/>
        <import addon="script.module.requests" version="2.3.0"/>
    </requires>
    <extension point="xbmc.python.script" library="default.py">
        <provides>video</provides>
    </extension>
    <extension point="xbmc.python.pluginsource" library="plugin.py">
        <provides>executable</provides>
    </extension>
    <extension point="xbmc.service" library="service.py" start="startup"></extension>
    <extension point="xbmc.addon.metadata">
        <summary lang="en">Plex for Kodi supporting free accounts</summary>
        <summary lang="hu">Plex for Kodi</summary>
        <description lang="en">Unofficial Plex for Kodi add-on</description>
        <description lang="hu">Nem hivatalos Plex for Kodi kiegészítő</description>
         <license>GNU GENERAL PUBLIC LICENSE. Version 2, June 1991</license>
        <platform>all</platform>    </extension>
</addon>
