<?xml version="1.0" encoding="UTF-8" standalone="yes"?>
<addon id="plugin.video.bithumentv" name="BitHUmenTV" version="1.3" provider-name="КИЖ">
	<requires>
		<import addon="xbmc.python" version="2.1.0"/>
		<import addon="script.module.requests"/>
		<import addon="script.module.libtorrent"/>
	</requires>
	<extension point="xbmc.python.pluginsource" library="default.py">
		<provides>video</provides>
	</extension>
	<extension point="xbmc.addon.metadata">
		<platform>all</platform>
		<summary>BitHUmen</summary>
		<description>BitHUmen oldalán ajánlott filmek, keresés és online TV adások. Ékezetes keresés nem működik, használd ékezet nélkül! Libtorrent kigészítő kell hozzá!</description>
	</extension>
</addon>
