<?xml version="1.0" encoding="UTF-8" standalone="yes"?>
<addon id="plugin.video.huncoretv" name="HUNCoreTV" version="0.65" provider-name="КИЖ">
	<requires>
		<import addon="xbmc.python" version="2.14.0"/>
		<import addon="script.module.requests"/>
	</requires>
	<extension point="xbmc.python.pluginsource" library="default.py">
		<provides>video</provides>
	</extension>
	<extension point="xbmc.addon.metadata">
		<platform>all</platform>
		<summary>nCore</summary>
		<description>Az nCore oldalán ajánlott filmek és film keresés. Ékezetes keresés nem működik, használd ékezet nélkül! Libtorrent kell hozzá (külön kell feltenni az op.rendszerben)!</description>
	</extension>
</addon>
