﻿<addon id="plugin.video.exoshark" version="1.2.8" name="ExoShark" provider-name="ExoShark">
	<requires>
		<import addon="xbmc.python" version="2.19.0" />
		<import addon="script.exoshark.artwork" version="1.0.0" />
		<import addon="script.exoshark.metadata" version="1.0.0" />
		<import addon="script.module.urlresolver" version="3.0.32" />
		<import addon="script.module.resolveurl" version="5.0.07" />
		<import addon="script.module.metahandler" version="2.9.0" />
		<import addon="script.module.requests" version="2.12.4" />
		<import addon="script.module.beautifulsoup4"/>
	</requires>
	<extension point="xbmc.python.pluginsource" library="exoshark.py">
		<provides>video</provides>
	</extension>
	<extension point="xbmc.service" library="service.py" start="startup" />
	<extension point="xbmc.addon.metadata">
		<summary lang="en">ExoShark</summary>
		<summary lang="hu">ExoShark</summary>
		<platform>all</platform>
		<forum></forum>
		<website></website>
		<source></source>
		<assets>
			<icon>icon.png</icon>
			<fanart>fanart.jpg</fanart>
			<screenshot>resources/screenshots/screenshot-01.jpg</screenshot>
			<screenshot>resources/screenshots/screenshot-02.jpg</screenshot>
			<screenshot>resources/screenshots/screenshot-03.jpg</screenshot>
		</assets>
		<news>- Hibajavítás: A forráskeresésnél a folyamat párbeszédablakon megjelentek a találatok,
de a keresés végeztével 'Nincs elérhető adatfolyam' értesítés jelent meg. Javítva.
- A környezeti menü előhívásával az IMDb Infóra kattintva megtekinthetők a legfontosabb IMDb-s információk
- Új angol kiszolgálók (COOLMOVIEZONE, MYVIDEOLINK, VIDICS)
- Angol kiszolgáló frissítések (FHDMOVIE, FILEPURSUIT, MOVIE4KORG)</news>
	</extension>
</addon>