﻿<addon id="plugin.video.exoshark" version="1.1.5" name="ExoShark" provider-name="ExoShark">
	<requires>
		<import addon="xbmc.python" version="2.19.0" />
		<import addon="script.exoshark.artwork" version="1.0.0" />
		<import addon="script.exoshark.metadata" version="1.0.0" />
		<import addon="script.module.urlresolver" version="3.0.32" />
		<import addon="script.module.metahandler" version="2.9.0" />
	</requires>
	<extension point="xbmc.python.pluginsource" library="exoshark.py">
		<provides>video</provides>
	</extension>
	<extension point="xbmc.service" library="service.py" start="startup" />
	<extension point="xbmc.addon.metadata">
		<summary lang="en">ExoShark</summary>
		<summary lang="hu">ExoShark</summary>
		<platform>all</platform>
		<forum></forum>
		<website></website>
		<source></source>
		<assets>
			<icon>icon.png</icon>
			<fanart>fanart.jpg</fanart>
			<screenshot>resources/screenshots/screenshot-01.jpg</screenshot>
			<screenshot>resources/screenshots/screenshot-02.jpg</screenshot>
			<screenshot>resources/screenshots/screenshot-03.jpg</screenshot>
		</assets>
		<news>- Új kiszolgáló (FILMTORNADO)
- FILMEKMOST kiszolgáló eltávolítva (megszűnt a forrásoldal)
- Covenant 1.1.21-1.1.23 frissítések:
--- Extra információk jelennek meg a találatlistában a forrásokról, ha elérhetők (kikapcsolható a beállításokban)
--- Több információ jelenik meg a folyamatjelző ablakon a források betöltése közben.
--- Átdolgozott találatlista (a debrid linkek más sorrendben jelennek meg, a HD jelzés 720P-re módosult)
--- Ki lehet választani a prémium (debrid) források színét (változtatható a beállításokban)
--- Bekerült egy alapértelmezett TMDb API kulcs (a beállításokban módosítható)
--- Új angol (123HULU, MOVIEGO, MOVIESGOLD, RJSMOVIE), spanyol és görög kiszolgálók
--- Kiszolgáló frissítések (angol és görög kiszolgálók)</news>
	</extension>
</addon>