<?xml version="1.0" encoding="UTF-8" standalone="yes"?>
<addon id="plugin.video.moviesharkcc" name="MovieSharkCC" version="0.0.2" provider-name="Lex Murphy">
	<requires>
		<import addon="xbmc.python" version="2.1.0"/>
		<import addon="script.module.requests"/>
	</requires>
	<extension point="xbmc.python.pluginsource" library="default.py">
		<provides>video</provides>
	</extension>
	<extension point="xbmc.addon.metadata">
		<summary lang="en">MovieSharkCC</summary>
		<language>hu</language>
		<description lang="en">A MovieSharkCC kiegészítővel egyszerűen férhetsz hozzá a moovie.cc oldalon található tartalomhoz.</description>
		<platform>all</platform>
	</extension>
</addon>
