﻿<?xml version="1.0" encoding="UTF-8" standalone="yes"?>
<addon id="plugin.video.euronews.com" version="1.1.0" name="Euronews" provider-name="lambda">
	<requires>
		<import addon="xbmc.python" version="2.24.0" />
		<import addon="script.module.lamlib" version="1.0.0" />
	</requires>
	<extension point="xbmc.python.pluginsource" library="addon.py">
		<provides>video</provides>
	</extension>
	<extension point="xbmc.addon.metadata">
		<summary lang="en">Euronews addon for Kodi</summary>
		<description lang="en">Euronews, the most watched news channel in Europe, covers international news in various languages.[CR]With 400 journalists from more than 30 nationalities, Euronews offers a unique, independent and totally impartial perspective on world events.[CR]Available languages: English, French, German, Greek, Hungarian, Italian, Portuguese, Russian, Spanish, Turkish and Ukrainian</description>
		<disclaimer lang="en">This addon is not published nor endorsed by euronews.com</disclaimer>
		<license>GNU GENERAL PUBLIC LICENSE. Version 3, 29 June 2007</license>
		<source>https://github.com/lambda81/plugin.video.euronews.com</source>
		<website>http://www.euronews.com/</website>
		<news>- Tweaked sections[CR]- Added add-on screenshots</news>
		<assets>
			<icon>icon.png</icon>
			<fanart>fanart.jpg</fanart>
			<screenshot>resources/screenshots/screenshot-01.jpg</screenshot>
			<screenshot>resources/screenshots/screenshot-02.jpg</screenshot>
			<screenshot>resources/screenshots/screenshot-03.jpg</screenshot>
		</assets>
		<platform>all</platform>
		<language></language>
		<forum></forum>
		<email></email>
	</extension>
</addon>