﻿<?xml version="1.0" encoding="UTF-8" standalone="yes"?>
<addon id="plugin.video.tvshark.hu" version="1.1.3" name="TV Shark" provider-name=" - provider name goes here - ">
	<requires>
		<import addon="xbmc.python" version="2.1.0" />
		<import addon="script.module.urlresolver" version="3.0.0" />
	</requires>
	<extension point="xbmc.python.pluginsource" library="addon.py">
		<provides>video</provides>
	</extension>
	<extension point="xbmc.addon.metadata">
		<summary lang="en">TV Shark</summary>
		<description lang="en">A TV Shark kiegészítő segítségével rengeteg magyar szinkronos sorozat között böngészhetsz.</description>
		<platform>all</platform>
		<assets>
			<icon>icon.png</icon>
			<fanart>fanart.jpg</fanart>
		</assets>
		<news>- Mufaj szerinti lastazas opcio</news>
	</extension>
</addon>