﻿<?xml version="1.0" encoding="UTF-8" standalone="yes"?>
<addon id="repository.movieshark" version="2.4" name="MovieShark Repository" provider-name="MSrepo">
	<extension point="xbmc.addon.repository" name="MoviShark Repository">
        <info compressed="false">https://raw.githubusercontent.com/LazarusProject/repo/ms_repo/addons.xml</info>
        <checksum>https://raw.githubusercontent.com/LazarusProject/repo/ms_repo/addons.xml.md5</checksum>
        <datadir zip="true">https://raw.githubusercontent.com/LazarusProject/repo/ms_repo</datadir>
	</extension>
	<extension point="xbmc.addon.metadata">
		<summary>MovieShark Repository 2.4</summary>
		<description >Az MSREPO Magyarország legnagyobb KODI-hoz fejlesztett magyar nyelvű kiegészítőinek tárolóhelye. Itt megtalálod a legismertebb média tartalmait más hasznos kiegészítőkkel egyetemben. A repository semmilyen illegális anyagot nem tartalmaz, az információk nem egyediek – bárki által szabadon hozzáférhetők az interneten. A legtöbb kiegészítőnél maga a jogtulajdonos tette lehetővé a tartalmak ingyenes megtekintését. A telepítésüket senkinek nem ajánljuk, csupán kisérleti jelleggel készültek. A használatukból eredő következményekért a felelősség a felhasználót terheli.</description>
		<platform>all</platform>
	</extension>
</addon>
