<?xml version="1.0" encoding="UTF-8" standalone="yes"?>
<addon id="script.module.lamlib" name="lambda Library Routines" version="1.0.0" provider-name="lambda">
	<requires>
		<import addon="xbmc.python" version="2.24.0"/>
	</requires>
	<extension point="xbmc.python.module" library="lib" />
	<extension point="xbmc.addon.metadata">
		<summary lang="en">Helper module</summary>
		<description lang="en">Helper module for all kind of stuff</description>
		<platform>all</platform>
		<license>GNU GENERAL PUBLIC LICENSE. Version 3, 29 June 2007</license>
		<source>https://github.com/lambda81/script.module.lamlib</source>
	</extension>
</addon>
