<?xml version="1.0" encoding="UTF-8" standalone="yes"?>
<addon id="plugin.video.tv2player" name="TV2 Player" version="0.0.8" provider-name="Salad Fingers">
	<requires>
		<import addon="xbmc.python" version="2.1.0"/>
	</requires>
	<extension point="xbmc.python.pluginsource" library="default.py">
		<provides>video</provides>
	</extension>
	<extension point="xbmc.addon.metadata">
		<summary lang="en">TV2 Player</summary>
		<language>hu</language>
		<description lang="en">TV2 Player kiegészítővel egyszerűen férhetsz hozzá A TV2 csoport csatornáinak weboldalán található videókhoz.</description>
		<platform>all</platform>
	</extension>
</addon>
