﻿<?xml version="1.0" encoding="UTF-8" standalone="yes"?>
<addon id="plugin.video.indavideo" name="Indavideó" version="1.1.0" provider-name="Murdock">
	<requires>
		<import addon="xbmc.python" version="2.1.0"/>
	</requires>
	<extension point="xbmc.python.pluginsource" library="default.py">
		<provides>video</provides>
	</extension>
	<extension point="xbmc.addon.metadata">
		<platform>all</platform>
		<summary lang="hu">Indavideó</summary>
		<description lang="hu">Magyarország egyik legnagyobb videó megosztó oldala.</description>
	</extension>
</addon>