﻿<?xml version="1.0" encoding="UTF-8" standalone="yes"?>
<addon id="plugin.video.noisyshark" version="1.0.0" name="Noizy Shark" provider-name="Muttley Dog">
	<requires>
		<import addon="xbmc.python" version="2.1.0" />
	</requires>
	<extension point="xbmc.python.pluginsource" library="addon.py">
		<provides>video</provides>
	</extension>
	<extension point="xbmc.addon.metadata">
		<summary lang="en">Noizy Shark</summary>
		<description lang="en">A kiegészítő segítségével Kodi alatt is elérhetővé váltak a koncertsziget.hu weboldalon található koncertfelvételek. A teljes videók megtekintéséhez regisztrálnod kell a 'http://koncertsziget.hu' oldalon, majd a regisztrációnál használt adatokat (e-mail, jelszó) a kiegészítő beállításaiban is meg kell adnod.</description>
		<platform>all</platform>
	</extension>
</addon>