<?xml version="1.0" encoding="UTF-8" standalone="yes"?>
<addon id="plugin.video.rtlmost" name="RTL Most!" version="0.0.6" provider-name="just-some-random-ninja">
	<requires>
		<import addon="xbmc.python" version="2.1.0"/>
	</requires>
	<extension point="xbmc.python.pluginsource" library="default.py">
		<provides>video</provides>
	</extension>
	<extension point="xbmc.addon.metadata">
		<summary lang="en">RTL Most!</summary>
		<language>hu</language>
		<description lang="en">Nézd újra, bármikor!</description>
		<platform>all</platform>
	</extension>
</addon>
