﻿<?xml version="1.0" encoding="UTF-8" standalone="yes"?>
<addon id="plugin.video.axnplayerhu" version="1.0.0" name="AXN Player" provider-name="Boris Badenov">
	<requires>
		<import addon="xbmc.python" version="2.1.0" />
		<import addon="script.module.requests"/>
	</requires>
	<extension point="xbmc.python.pluginsource" library="default.py">
		<provides>video</provides>
	</extension>
	<extension point="xbmc.addon.metadata">
		<summary lang="en">AXN Player Hungary Kodi kiegészítő</summary>
		<description lang="en">Filmek és sorozatok az AXN Player Magyarország weboldaláról.</description>
		<platform>all</platform>
		<language></language>
		<forum></forum>
		<email></email>
	</extension>
</addon>