<?xml version="1.0" encoding="UTF-8" standalone="yes"?>
<addon id="plugin.audio.radiokeu" name="Rádiók.eu" version="1.1" provider-name="Mr. Slave">
	<requires>
		<import addon="xbmc.python" version="2.1.0"/>
	</requires>
	<extension point="xbmc.python.pluginsource" library="default.py">
		<provides>audio</provides>
	</extension>
	<extension point="xbmc.addon.metadata">
		<summary lang="en">Rádiók.eu archívum</summary>
		<language>en</language>
		<description lang="en">Rádiók.eu archívum</description>
		<platform>all</platform>
	</extension>
</addon>
