<?xml version="1.0" encoding="UTF-8" standalone="yes"?>
<addon id="plugin.video.digisport" name="DIGI Sport" version="0.0.1" provider-name="Chewbacca">
	<requires>
		<import addon="xbmc.python" version="2.1.0"/>
	</requires>
	<extension point="xbmc.python.pluginsource" library="default.py">
		<provides>video</provides>
	</extension>
	<extension point="xbmc.addon.metadata">
		<summary lang="en">DIGI Sport videók</summary>
		<language>hu</language>
		<description lang="en">DIGI Sport videók</description>
		<platform>all</platform>
	</extension>
</addon>
