<?xml version="1.0" encoding="UTF-8" standalone="yes"?>
<addon id="plugin.video.m4sport" name="M4 Sport" version="0.0.1" provider-name="Sheldon J. Plankton">
	<requires>
		<import addon="xbmc.python" version="2.1.0"/>
	</requires>
	<extension point="xbmc.python.pluginsource" library="default.py">
		<provides>video</provides>
	</extension>
	<extension point="xbmc.addon.metadata">
		<summary lang="en">M4 Sport</summary>
		<language>hu</language>
		<description lang="en">M4 Sport</description>
		<platform>all</platform>
	</extension>
</addon>
