﻿<?xml version="1.0" encoding="UTF-8" standalone="yes"?>
<addon id="plugin.video.filmecske" name="Filmecske" version="0.0.6" provider-name="Patrick Star">
	<requires>
		<import addon="xbmc.python" version="2.1.0"/>
		<import addon="script.module.urlresolver" version="3.0.0" />
	</requires>
	<extension point="xbmc.python.pluginsource" library="default.py">
		<provides>video</provides>
	</extension>
	<extension point="xbmc.addon.metadata">
		<summary lang="en">Filmecske.hu</summary>
		<language>hu</language>
		<description lang="en">A Filmecske kiegészítővel egyszerűen férhetsz hozzá filmecske.hu oldalon található szinkronos mozifilmekhez.</description>
		<platform>all</platform>
	</extension>
</addon>
