﻿<addon id="plugin.video.exoshark" version="1.0.7" name="ExoShark" provider-name="ExoShark">
	<requires>
		<import addon="xbmc.python" version="2.19.0" />
		<import addon="script.exoshark.artwork" version="1.0.0" />
		<import addon="script.exoshark.metadata" version="1.0.0" />
		<import addon="script.module.urlresolver" version="3.0.32" />
		<import addon="script.module.metahandler" version="2.9.0" />
	</requires>
	<extension point="xbmc.python.pluginsource" library="exoshark.py">
		<provides>video</provides>
	</extension>
	<extension point="xbmc.service" library="service.py" start="startup" />
	<extension point="xbmc.addon.metadata">
		<summary lang="en">ExoShark</summary>
		<summary lang="hu">ExoShark</summary>
		<platform>all</platform>
		<forum></forum>
		<website></website>
		<source></source>
		<assets>
			<icon>icon.png</icon>
			<fanart>fanart.jpg</fanart>
			<screenshot>resources/screenshots/screenshot-01.jpg</screenshot>
			<screenshot>resources/screenshots/screenshot-02.jpg</screenshot>
			<screenshot>resources/screenshots/screenshot-03.jpg</screenshot>
		</assets>
		<news>- Új kiszolgáló (ALLUCHU) - használatához API kulcs szükséges (accounts.alluc.com)
- MOZICSILLAG kiszolgáló frissítés
- Covenant 1.1.10 frissítések:
--- Átdolgozott találati lista
--- Kiszolgáló frissítések (DAYT, DIZIGOLD, KINGMOVIES, ONSERIES, STREAMFLIX, STREAMLORD, SERIESONLINE)
--- Új kiszolgálók (ALLUC, GOSTREAM)
--- A moziban vetített filmek elrejtése a listákról (az utolsó 90 napban megjelent filmek esetén),
kivéve a következő szekciókban: Trakt/IMDB Listák, Jelenleg a mozikban, Keresés (endegélyezhető a beállításokban)
--- Hibajavítás</news>
	</extension>
</addon>